,steps,self_finding_steps,participant,level
0,12,,0,0
1,12,1.0,0,1
2,8,0.0,0,2
3,723,,0,3
4,39,,0,4
5,12,,0,5
6,22,,0,6
7,8,,0,7
8,10,,0,8
9,30,,0,9
10,16,,0,10
11,14,,0,11
12,18,,0,12
13,14,,0,13
14,16,,0,14
15,23,,0,15
16,8,,0,16
17,8,,0,17
18,22,,0,18
19,14,,0,19
20,18,,0,20
21,8,0.0,0,21
22,18,,0,22
23,22,,0,23
24,33,,0,24
25,25,,0,25
26,22,5.0,0,26
27,20,,0,27
28,8,4.0,0,28
29,21,,0,29
30,8,,0,30
31,14,8.0,0,31
32,8,4.0,0,32
33,16,12.0,0,33
34,28,,0,34
35,8,4.0,0,35
36,8,5.0,0,36
37,14,11.0,0,37
38,18,5.0,0,38
39,16,4.0,0,39
40,8,4.0,0,40
41,8,4.0,0,41
42,14,3.0,0,42
43,8,3.0,0,43
44,8,4.0,0,44
45,8,4.0,0,45
46,16,4.0,0,46
47,14,6.0,0,47
48,14,3.0,0,48
49,8,4.0,0,49
50,8,4.0,0,50
51,18,5.0,0,51
52,14,3.0,0,52
53,8,4.0,0,53
54,8,4.0,0,54
55,20,,0,55
56,8,4.0,0,56
57,20,7.0,0,57
58,14,4.0,0,58
59,14,4.0,0,59
60,14,4.0,0,60
61,16,8.0,0,61
62,10,6.0,0,62
63,8,4.0,0,63
64,8,5.0,0,64
65,18,17.0,0,65
66,14,8.0,0,66
67,12,7.0,0,67
68,16,7.0,0,68
69,10,6.0,0,69
70,8,3.0,0,70
71,8,5.0,0,71
72,14,4.0,0,72
73,12,3.0,0,73
74,8,0.0,0,74
75,14,11.0,0,75
76,12,9.0,0,76
77,12,8.0,0,77
78,14,9.0,0,78
79,8,4.0,0,79
80,14,10.0,0,80
81,12,8.0,0,81
82,14,10.0,0,82
83,10,6.0,0,83
84,16,12.0,0,84
85,8,3.0,0,85
86,8,6.0,0,86
87,10,6.0,0,87
88,16,12.0,0,88
89,8,4.0,0,89
90,20,16.0,0,90
91,12,,0,91
92,16,,0,92
93,14,,0,93
94,16,11.0,0,94
95,14,10.0,0,95
96,8,4.0,0,96
97,14,10.0,0,97
98,8,4.0,0,98
99,10,6.0,0,99
100,14,6.0,1,0
101,34,31.0,1,1
102,12,10.0,1,2
103,8,4.0,1,3
104,22,7.0,1,4
105,19,6.0,1,5
106,21,7.0,1,6
107,19,6.0,1,7
108,10,5.0,1,8
109,10,5.0,1,9
110,25,9.0,1,10
111,12,6.0,1,11
112,19,6.0,1,12
113,8,4.0,1,13
114,8,5.0,1,14
115,18,5.0,1,15
116,8,4.0,1,16
117,16,4.0,1,17
118,12,3.0,1,18
119,22,6.0,1,19
120,12,2.0,1,20
121,14,4.0,1,21
122,33,,1,22
123,10,5.0,1,23
124,8,4.0,1,24
125,23,7.0,1,25
126,8,4.0,1,26
127,18,3.0,1,27
128,8,4.0,1,28
129,10,5.0,1,29
130,8,5.0,1,30
131,8,5.0,1,31
132,26,,1,32
133,18,,1,33
134,24,20.0,1,34
135,8,5.0,1,35
136,23,9.0,1,36
137,20,5.0,1,37
138,8,4.0,1,38
139,8,5.0,1,39
140,8,4.0,1,40
141,14,4.0,1,41
142,12,7.0,1,42
143,18,5.0,1,43
144,24,10.0,1,44
145,20,6.0,1,45
146,10,5.0,1,46
147,18,4.0,1,47
148,8,4.0,1,48
149,16,3.0,1,49
150,16,4.0,1,50
151,8,5.0,1,51
152,18,6.0,1,52
153,18,6.0,1,53
154,8,4.0,1,54
155,8,4.0,1,55
156,8,4.0,1,56
157,31,5.0,1,57
158,18,4.0,1,58
159,14,3.0,1,59
160,14,2.0,1,60
161,14,3.0,1,61
162,10,6.0,1,62
163,16,3.0,1,63
164,12,2.0,1,64
165,8,4.0,1,65
166,16,5.0,1,66
167,12,7.0,1,67
168,8,4.0,1,68
169,10,5.0,1,69
170,10,5.0,1,70
171,16,4.0,1,71
172,16,3.0,1,72
173,8,4.0,1,73
174,8,4.0,1,74
175,10,5.0,1,75
176,12,6.0,1,76
177,20,6.0,1,77
178,16,3.0,1,78
179,21,8.0,1,79
180,10,6.0,1,80
181,8,4.0,1,81
182,8,5.0,1,82
183,28,,1,83
184,18,6.0,1,84
185,18,6.0,1,85
186,28,4.0,1,86
187,20,7.0,1,87
188,16,4.0,1,88
189,10,5.0,1,89
190,12,6.0,1,90
191,8,4.0,1,91
192,16,,1,92
193,8,7.0,1,93
194,10,5.0,1,94
195,8,4.0,1,95
196,8,4.0,1,96
197,8,5.0,1,97
198,8,4.0,1,98
199,8,4.0,1,99
200,28,4.0,2,0
201,10,2.0,2,1
202,10,1.0,2,2
203,14,3.0,2,3
204,12,2.0,2,4
205,8,3.0,2,5
206,8,1.0,2,6
207,12,2.0,2,7
208,8,3.0,2,8
209,8,2.0,2,9
210,12,2.0,2,10
211,12,2.0,2,11
212,10,1.0,2,12
213,10,1.0,2,13
214,8,3.0,2,14
215,8,4.0,2,15
216,12,2.0,2,16
217,8,2.0,2,17
218,8,1.0,2,18
219,8,2.0,2,19
220,8,3.0,2,20
221,8,2.0,2,21
222,12,2.0,2,22
223,8,3.0,2,23
224,12,2.0,2,24
225,16,4.0,2,25
226,8,4.0,2,26
227,8,3.0,2,27
228,10,1.0,2,28
229,14,3.0,2,29
230,8,2.0,2,30
231,12,2.0,2,31
232,14,3.0,2,32
233,12,2.0,2,33
234,12,2.0,2,34
235,14,,2,35
236,8,4.0,2,36
237,8,2.0,2,37
238,12,2.0,2,38
239,8,2.0,2,39
240,8,3.0,2,40
241,8,3.0,2,41
242,8,2.0,2,42
243,14,3.0,2,43
244,8,4.0,2,44
245,8,3.0,2,45
246,10,1.0,2,46
247,8,2.0,2,47
248,8,1.0,2,48
249,8,3.0,2,49
250,10,1.0,2,50
251,8,2.0,2,51
252,10,1.0,2,52
253,12,2.0,2,53
254,8,3.0,2,54
255,10,1.0,2,55
256,16,4.0,2,56
257,8,3.0,2,57
258,8,1.0,2,58
259,8,4.0,2,59
260,14,3.0,2,60
261,8,3.0,2,61
262,8,4.0,2,62
263,10,1.0,2,63
264,16,4.0,2,64
265,12,2.0,2,65
266,8,1.0,2,66
267,12,2.0,2,67
268,10,1.0,2,68
269,12,2.0,2,69
270,8,3.0,2,70
271,8,3.0,2,71
272,12,2.0,2,72
273,16,4.0,2,73
274,8,2.0,2,74
275,12,2.0,2,75
276,8,1.0,2,76
277,8,4.0,2,77
278,8,1.0,2,78
279,12,2.0,2,79
280,8,1.0,2,80
281,8,3.0,2,81
282,14,3.0,2,82
283,8,2.0,2,83
284,16,4.0,2,84
285,16,4.0,2,85
286,10,1.0,2,86
287,8,3.0,2,87
288,8,2.0,2,88
289,14,3.0,2,89
290,8,3.0,2,90
291,12,2.0,2,91
292,8,3.0,2,92
293,16,,2,93
294,14,3.0,2,94
295,8,2.0,2,95
296,10,1.0,2,96
297,8,1.0,2,97
298,8,2.0,2,98
299,8,2.0,2,99
300,31,5.0,3,0
301,12,3.0,3,1
302,12,2.0,3,2
303,8,3.0,3,3
304,8,1.0,3,4
305,12,3.0,3,5
306,8,2.0,3,6
307,8,2.0,3,7
308,8,2.0,3,8
309,10,2.0,3,9
310,10,2.0,3,10
311,8,,3,11
312,8,2.0,3,12
313,8,4.0,3,13
314,8,3.0,3,14
315,14,4.0,3,15
316,8,3.0,3,16
317,8,2.0,3,17
318,8,2.0,3,18
319,14,3.0,3,19
320,8,2.0,3,20
321,16,4.0,3,21
322,8,3.0,3,22
323,12,2.0,3,23
324,12,2.0,3,24
325,12,2.0,3,25
326,8,2.0,3,26
327,12,2.0,3,27
328,8,3.0,3,28
329,12,2.0,3,29
330,12,2.0,3,30
331,12,2.0,3,31
332,8,2.0,3,32
333,12,2.0,3,33
334,12,2.0,3,34
335,8,2.0,3,35
336,24,,3,36
337,12,2.0,3,37
338,8,3.0,3,38
339,12,2.0,3,39
340,12,2.0,3,40
341,12,2.0,3,41
342,8,2.0,3,42
343,8,2.0,3,43
344,12,2.0,3,44
345,22,,3,45
346,8,2.0,3,46
347,8,2.0,3,47
348,8,2.0,3,48
349,12,2.0,3,49
350,14,3.0,3,50
351,12,2.0,3,51
352,8,2.0,3,52
353,12,2.0,3,53
354,12,2.0,3,54
355,8,2.0,3,55
356,8,3.0,3,56
357,12,2.0,3,57
358,12,2.0,3,58
359,12,2.0,3,59
360,8,2.0,3,60
361,14,3.0,3,61
362,14,3.0,3,62
363,8,2.0,3,63
364,8,5.0,3,64
365,8,4.0,3,65
366,8,3.0,3,66
367,12,3.0,3,67
368,12,2.0,3,68
369,12,2.0,3,69
370,12,2.0,3,70
371,12,2.0,3,71
372,14,3.0,3,72
373,16,,3,73
374,12,3.0,3,74
375,8,3.0,3,75
376,8,3.0,3,76
377,12,3.0,3,77
378,12,3.0,3,78
379,14,3.0,3,79
380,8,2.0,3,80
381,12,2.0,3,81
382,12,2.0,3,82
383,14,3.0,3,83
384,12,2.0,3,84
385,8,2.0,3,85
386,8,2.0,3,86
387,16,,3,87
388,8,4.0,3,88
389,8,3.0,3,89
390,12,,3,90
391,16,4.0,3,91
392,12,2.0,3,92
393,10,3.0,3,93
394,12,3.0,3,94
395,23,,3,95
396,8,3.0,3,96
397,12,3.0,3,97
398,14,3.0,3,98
399,8,3.0,3,99
400,30,3.0,4,0
401,14,12.0,4,1
402,8,6.0,4,2
403,8,6.0,4,3
404,8,5.0,4,4
405,8,6.0,4,5
406,14,10.0,4,6
407,8,4.0,4,7
408,8,4.0,4,8
409,8,4.0,4,9
410,16,12.0,4,10
411,16,4.0,4,11
412,10,6.0,4,12
413,8,4.0,4,13
414,16,12.0,4,14
415,12,8.0,4,15
416,8,4.0,4,16
417,12,8.0,4,17
418,12,8.0,4,18
419,8,4.0,4,19
420,8,4.0,4,20
421,8,4.0,4,21
422,16,7.0,4,22
423,8,4.0,4,23
424,8,4.0,4,24
425,12,8.0,4,25
426,8,4.0,4,26
427,8,4.0,4,27
428,8,4.0,4,28
429,8,4.0,4,29
430,8,4.0,4,30
431,16,12.0,4,31
432,8,6.0,4,32
433,19,7.0,4,33
434,8,4.0,4,34
435,8,4.0,4,35
436,8,4.0,4,36
437,12,8.0,4,37
438,8,4.0,4,38
439,8,4.0,4,39
440,8,4.0,4,40
441,18,10.0,4,41
442,8,4.0,4,42
443,14,10.0,4,43
444,8,4.0,4,44
445,18,14.0,4,45
446,14,10.0,4,46
447,8,4.0,4,47
448,12,8.0,4,48
449,8,4.0,4,49
450,8,4.0,4,50
451,12,8.0,4,51
452,8,4.0,4,52
453,8,4.0,4,53
454,8,4.0,4,54
455,12,8.0,4,55
456,16,12.0,4,56
457,14,10.0,4,57
458,12,8.0,4,58
459,12,10.0,4,59
460,12,8.0,4,60
461,12,8.0,4,61
462,12,8.0,4,62
463,8,4.0,4,63
464,8,4.0,4,64
465,12,8.0,4,65
466,8,4.0,4,66
467,14,10.0,4,67
468,8,4.0,4,68
469,8,4.0,4,69
470,14,10.0,4,70
471,16,12.0,4,71
472,14,10.0,4,72
473,8,4.0,4,73
474,8,4.0,4,74
475,8,4.0,4,75
476,12,8.0,4,76
477,14,10.0,4,77
478,8,4.0,4,78
479,8,4.0,4,79
480,8,4.0,4,80
481,8,4.0,4,81
482,14,10.0,4,82
483,16,12.0,4,83
484,12,8.0,4,84
485,8,4.0,4,85
486,8,4.0,4,86
487,8,4.0,4,87
488,10,6.0,4,88
489,8,4.0,4,89
490,8,4.0,4,90
491,12,8.0,4,91
492,12,8.0,4,92
493,12,8.0,4,93
494,8,4.0,4,94
495,12,8.0,4,95
496,8,4.0,4,96
497,8,4.0,4,97
498,8,4.0,4,98
499,8,4.0,4,99
500,29,28.0,5,0
501,18,4.0,5,1
502,8,2.0,5,2
503,12,2.0,5,3
504,153,,5,4
505,8,2.0,5,5
506,56,,5,6
507,39,,5,7
508,14,3.0,5,8
509,14,3.0,5,9
510,14,5.0,5,10
511,8,3.0,5,11
512,8,3.0,5,12
513,8,0.0,5,13
514,8,4.0,5,14
515,8,3.0,5,15
516,8,3.0,5,16
517,16,4.0,5,17
518,8,3.0,5,18
519,14,3.0,5,19
520,8,3.0,5,20
521,8,3.0,5,21
522,8,3.0,5,22
523,8,3.0,5,23
524,18,4.0,5,24
525,8,2.0,5,25
526,16,4.0,5,26
527,8,4.0,5,27
528,8,3.0,5,28
529,8,3.0,5,29
530,8,4.0,5,30
531,8,4.0,5,31
532,8,3.0,5,32
533,8,3.0,5,33
534,8,3.0,5,34
535,16,4.0,5,35
536,8,3.0,5,36
537,8,3.0,5,37
538,8,4.0,5,38
539,8,4.0,5,39
540,18,4.0,5,40
541,8,4.0,5,41
542,16,4.0,5,42
543,8,4.0,5,43
544,8,4.0,5,44
545,14,3.0,5,45
546,10,3.0,5,46
547,18,4.0,5,47
548,16,3.0,5,48
549,14,3.0,5,49
550,8,3.0,5,50
551,16,4.0,5,51
552,8,4.0,5,52
553,8,5.0,5,53
554,8,5.0,5,54
555,20,5.0,5,55
556,12,2.0,5,56
557,14,4.0,5,57
558,8,4.0,5,58
559,16,3.0,5,59
560,8,3.0,5,60
561,14,3.0,5,61
562,12,2.0,5,62
563,8,5.0,5,63
564,8,4.0,5,64
565,12,6.0,5,65
566,10,5.0,5,66
567,19,10.0,5,67
568,14,5.0,5,68
569,8,3.0,5,69
570,16,5.0,5,70
571,16,4.0,5,71
572,14,5.0,5,72
573,18,3.0,5,73
574,8,3.0,5,74
575,12,6.0,5,75
576,20,8.0,5,76
577,12,2.0,5,77
578,16,4.0,5,78
579,14,3.0,5,79
580,8,2.0,5,80
581,39,,5,81
582,14,3.0,5,82
583,39,,5,83
584,14,3.0,5,84
585,8,3.0,5,85
586,14,3.0,5,86
587,14,3.0,5,87
588,18,4.0,5,88
589,16,3.0,5,89
590,8,3.0,5,90
591,16,4.0,5,91
592,8,3.0,5,92
593,18,4.0,5,93
594,8,3.0,5,94
595,8,4.0,5,95
596,23,,5,96
597,8,3.0,5,97
598,8,2.0,5,98
599,20,5.0,5,99
600,8,0.0,6,0
601,28,14.0,6,1
602,12,3.0,6,2
603,8,2.0,6,3
604,10,2.0,6,4
605,8,6.0,6,5
606,20,13.0,6,6
607,10,8.0,6,7
608,12,5.0,6,8
609,10,2.0,6,9
610,14,6.0,6,10
611,8,3.0,6,11
612,12,4.0,6,12
613,10,2.0,6,13
614,10,2.0,6,14
615,10,2.0,6,15
616,10,2.0,6,16
617,10,2.0,6,17
618,10,2.0,6,18
619,12,2.0,6,19
620,18,,6,20
621,10,2.0,6,21
622,12,2.0,6,22
623,10,2.0,6,23
624,16,,6,24
625,8,2.0,6,25
626,10,3.0,6,26
627,12,2.0,6,27
628,8,3.0,6,28
629,8,2.0,6,29
630,8,2.0,6,30
631,10,2.0,6,31
632,8,2.0,6,32
633,12,2.0,6,33
634,10,2.0,6,34
635,10,2.0,6,35
636,12,2.0,6,36
637,8,2.0,6,37
638,8,2.0,6,38
639,8,2.0,6,39
640,8,2.0,6,40
641,10,2.0,6,41
642,12,2.0,6,42
643,8,2.0,6,43
644,10,2.0,6,44
645,10,2.0,6,45
646,12,2.0,6,46
647,10,2.0,6,47
648,8,2.0,6,48
649,10,2.0,6,49
650,10,2.0,6,50
651,10,2.0,6,51
652,10,2.0,6,52
653,8,2.0,6,53
654,8,2.0,6,54
655,10,2.0,6,55
656,10,2.0,6,56
657,10,2.0,6,57
658,8,2.0,6,58
659,10,2.0,6,59
660,10,2.0,6,60
661,10,2.0,6,61
662,10,2.0,6,62
663,10,2.0,6,63
664,10,2.0,6,64
665,10,2.0,6,65
666,8,2.0,6,66
667,10,4.0,6,67
668,10,,6,68
669,10,2.0,6,69
670,10,2.0,6,70
671,10,2.0,6,71
672,10,2.0,6,72
673,10,2.0,6,73
674,12,2.0,6,74
675,8,2.0,6,75
676,10,2.0,6,76
677,10,2.0,6,77
678,8,2.0,6,78
679,10,2.0,6,79
680,10,2.0,6,80
681,10,2.0,6,81
682,10,2.0,6,82
683,8,2.0,6,83
684,8,2.0,6,84
685,10,2.0,6,85
686,10,2.0,6,86
687,8,2.0,6,87
688,10,2.0,6,88
689,10,2.0,6,89
690,10,3.0,6,90
691,8,2.0,6,91
692,10,2.0,6,92
693,10,2.0,6,93
694,8,2.0,6,94
695,8,2.0,6,95
696,12,2.0,6,96
697,8,2.0,6,97
698,10,2.0,6,98
699,8,2.0,6,99
700,23,3.0,7,0
701,10,3.0,7,1
702,8,1.0,7,2
703,10,1.0,7,3
704,10,1.0,7,4
705,8,2.0,7,5
706,10,2.0,7,6
707,10,1.0,7,7
708,10,1.0,7,8
709,8,1.0,7,9
710,8,1.0,7,10
711,8,1.0,7,11
712,10,1.0,7,12
713,8,2.0,7,13
714,10,2.0,7,14
715,10,1.0,7,15
716,10,1.0,7,16
717,8,1.0,7,17
718,8,3.0,7,18
719,10,2.0,7,19
720,8,6.0,7,20
721,10,,7,21
722,10,1.0,7,22
723,16,,7,23
724,10,1.0,7,24
725,10,5.0,7,25
726,8,2.0,7,26
727,10,3.0,7,27
728,8,2.0,7,28
729,10,1.0,7,29
730,8,2.0,7,30
731,12,2.0,7,31
732,12,2.0,7,32
733,10,1.0,7,33
734,10,1.0,7,34
735,10,1.0,7,35
736,10,2.0,7,36
737,10,1.0,7,37
738,8,2.0,7,38
739,24,,7,39
740,8,2.0,7,40
741,8,2.0,7,41
742,10,2.0,7,42
743,12,2.0,7,43
744,10,1.0,7,44
745,10,1.0,7,45
746,10,3.0,7,46
747,8,2.0,7,47
748,10,2.0,7,48
749,10,1.0,7,49
750,8,1.0,7,50
751,10,2.0,7,51
752,18,,7,52
753,8,1.0,7,53
754,8,1.0,7,54
755,8,1.0,7,55
756,8,2.0,7,56
757,10,1.0,7,57
758,10,2.0,7,58
759,10,2.0,7,59
760,10,2.0,7,60
761,8,2.0,7,61
762,8,1.0,7,62
763,8,1.0,7,63
764,8,2.0,7,64
765,10,1.0,7,65
766,10,1.0,7,66
767,8,2.0,7,67
768,10,1.0,7,68
769,10,2.0,7,69
770,12,2.0,7,70
771,10,1.0,7,71
772,10,2.0,7,72
773,10,1.0,7,73
774,10,1.0,7,74
775,8,1.0,7,75
776,10,2.0,7,76
777,8,2.0,7,77
778,8,2.0,7,78
779,8,2.0,7,79
780,10,1.0,7,80
781,10,1.0,7,81
782,16,,7,82
783,8,2.0,7,83
784,10,2.0,7,84
785,10,1.0,7,85
786,8,1.0,7,86
787,16,,7,87
788,8,2.0,7,88
789,12,2.0,7,89
790,10,1.0,7,90
791,12,2.0,7,91
792,10,2.0,7,92
793,8,2.0,7,93
794,8,1.0,7,94
795,8,1.0,7,95
796,10,1.0,7,96
797,10,1.0,7,97
798,8,1.0,7,98
799,10,2.0,7,99
800,25,3.0,8,0
801,8,3.0,8,1
802,8,4.0,8,2
803,10,3.0,8,3
804,8,3.0,8,4
805,8,2.0,8,5
806,12,4.0,8,6
807,8,3.0,8,7
808,10,4.0,8,8
809,10,6.0,8,9
810,8,4.0,8,10
811,10,3.0,8,11
812,8,2.0,8,12
813,12,2.0,8,13
814,8,3.0,8,14
815,10,2.0,8,15
816,10,2.0,8,16
817,8,2.0,8,17
818,12,2.0,8,18
819,8,2.0,8,19
820,10,1.0,8,20
821,12,2.0,8,21
822,10,5.0,8,22
823,8,2.0,8,23
824,8,2.0,8,24
825,12,5.0,8,25
826,10,3.0,8,26
827,10,2.0,8,27
828,14,6.0,8,28
829,10,2.0,8,29
830,10,2.0,8,30
831,10,4.0,8,31
832,8,2.0,8,32
833,8,2.0,8,33
834,8,2.0,8,34
835,8,2.0,8,35
836,12,1.0,8,36
837,10,2.0,8,37
838,10,4.0,8,38
839,10,2.0,8,39
840,10,2.0,8,40
841,8,1.0,8,41
842,8,2.0,8,42
843,12,2.0,8,43
844,8,3.0,8,44
845,10,2.0,8,45
846,8,2.0,8,46
847,10,1.0,8,47
848,10,2.0,8,48
849,8,2.0,8,49
850,8,2.0,8,50
851,8,2.0,8,51
852,8,2.0,8,52
853,8,1.0,8,53
854,10,2.0,8,54
855,8,2.0,8,55
856,8,1.0,8,56
857,22,,8,57
858,10,2.0,8,58
859,10,5.0,8,59
860,14,3.0,8,60
861,8,3.0,8,61
862,8,2.0,8,62
863,8,2.0,8,63
864,8,2.0,8,64
865,12,2.0,8,65
866,12,3.0,8,66
867,12,3.0,8,67
868,10,1.0,8,68
869,10,2.0,8,69
870,10,4.0,8,70
871,10,1.0,8,71
872,8,4.0,8,72
873,8,2.0,8,73
874,12,3.0,8,74
875,12,2.0,8,75
876,12,3.0,8,76
877,10,3.0,8,77
878,10,2.0,8,78
879,12,2.0,8,79
880,8,3.0,8,80
881,10,2.0,8,81
882,12,5.0,8,82
883,12,8.0,8,83
884,14,6.0,8,84
885,18,5.0,8,85
886,8,3.0,8,86
887,14,3.0,8,87
888,10,3.0,8,88
889,8,3.0,8,89
890,12,3.0,8,90
891,10,3.0,8,91
892,12,2.0,8,92
893,8,3.0,8,93
894,8,3.0,8,94
895,8,2.0,8,95
896,20,,8,96
897,8,2.0,8,97
898,12,3.0,8,98
899,12,3.0,8,99
900,12,,9,0
901,263,,9,1
902,18,,9,2
903,8,,9,3
904,24,,9,4
905,12,0.0,9,5
906,10,0.0,9,6
907,8,0.0,9,7
908,8,,9,8
909,8,0.0,9,9
910,32,,9,10
911,8,0.0,9,11
912,12,,9,12
913,8,0.0,9,13
914,12,,9,14
915,14,,9,15
916,14,,9,16
917,10,,9,17
918,41,,9,18
919,12,,9,19
920,18,,9,20
921,21,,9,21
922,8,0.0,9,22
923,10,0.0,9,23
924,8,0.0,9,24
925,30,,9,25
926,8,4.0,9,26
927,14,10.0,9,27
928,20,17.0,9,28
929,8,6.0,9,29
930,14,10.0,9,30
931,10,5.0,9,31
932,8,4.0,9,32
933,8,4.0,9,33
934,10,8.0,9,34
935,10,6.0,9,35
936,8,4.0,9,36
937,12,7.0,9,37
938,14,6.0,9,38
939,18,15.0,9,39
940,8,4.0,9,40
941,8,4.0,9,41
942,8,4.0,9,42
943,10,5.0,9,43
944,10,3.0,9,44
945,10,6.0,9,45
946,10,1.0,9,46
947,10,5.0,9,47
948,8,4.0,9,48
949,14,3.0,9,49
950,8,3.0,9,50
951,10,6.0,9,51
952,10,5.0,9,52
953,8,4.0,9,53
954,12,8.0,9,54
955,8,4.0,9,55
956,8,4.0,9,56
957,12,8.0,9,57
958,12,7.0,9,58
959,12,11.0,9,59
960,8,4.0,9,60
961,8,4.0,9,61
962,10,1.0,9,62
963,8,4.0,9,63
964,16,4.0,9,64
965,12,2.0,9,65
966,8,4.0,9,66
967,10,5.0,9,67
968,10,4.0,9,68
969,8,4.0,9,69
970,10,4.0,9,70
971,8,3.0,9,71
972,8,4.0,9,72
973,16,4.0,9,73
974,8,4.0,9,74
975,10,1.0,9,75
976,18,,9,76
977,8,5.0,9,77
978,8,4.0,9,78
979,8,4.0,9,79
980,8,4.0,9,80
981,8,4.0,9,81
982,12,8.0,9,82
983,8,3.0,9,83
984,16,4.0,9,84
985,12,3.0,9,85
986,10,3.0,9,86
987,10,3.0,9,87
988,12,4.0,9,88
989,14,6.0,9,89
990,14,3.0,9,90
991,10,6.0,9,91
992,10,6.0,9,92
993,12,5.0,9,93
994,14,11.0,9,94
995,10,3.0,9,95
996,10,,9,96
997,14,10.0,9,97
998,12,7.0,9,98
999,12,7.0,9,99
1000,12,2.0,10,0
1001,14,3.0,10,1
1002,10,2.0,10,2
1003,10,1.0,10,3
1004,8,1.0,10,4
1005,8,1.0,10,5
1006,10,1.0,10,6
1007,10,2.0,10,7
1008,8,1.0,10,8
1009,10,1.0,10,9
1010,8,1.0,10,10
1011,8,2.0,10,11
1012,8,2.0,10,12
1013,8,2.0,10,13
1014,10,2.0,10,14
1015,8,2.0,10,15
1016,8,3.0,10,16
1017,12,3.0,10,17
1018,8,2.0,10,18
1019,8,2.0,10,19
1020,12,3.0,10,20
1021,10,3.0,10,21
1022,10,3.0,10,22
1023,10,2.0,10,23
1024,8,3.0,10,24
1025,10,3.0,10,25
1026,10,2.0,10,26
1027,10,4.0,10,27
1028,12,2.0,10,28
1029,10,2.0,10,29
1030,8,2.0,10,30
1031,10,3.0,10,31
1032,10,4.0,10,32
1033,12,3.0,10,33
1034,12,6.0,10,34
1035,12,2.0,10,35
1036,10,3.0,10,36
1037,10,3.0,10,37
1038,10,5.0,10,38
1039,14,3.0,10,39
1040,8,3.0,10,40
1041,12,5.0,10,41
1042,8,3.0,10,42
1043,12,7.0,10,43
1044,10,4.0,10,44
1045,14,5.0,10,45
1046,8,3.0,10,46
1047,8,3.0,10,47
1048,12,4.0,10,48
1049,12,6.0,10,49
1050,10,2.0,10,50
1051,10,2.0,10,51
1052,8,2.0,10,52
1053,8,3.0,10,53
1054,10,5.0,10,54
1055,10,4.0,10,55
1056,8,4.0,10,56
1057,8,3.0,10,57
1058,8,3.0,10,58
1059,14,3.0,10,59
1060,12,2.0,10,60
1061,8,2.0,10,61
1062,8,6.0,10,62
1063,10,3.0,10,63
1064,8,2.0,10,64
1065,8,2.0,10,65
1066,10,2.0,10,66
1067,8,4.0,10,67
1068,89,,10,68
1069,10,4.0,10,69
1070,14,,10,70
1071,8,3.0,10,71
1072,8,3.0,10,72
1073,12,2.0,10,73
1074,8,3.0,10,74
1075,10,4.0,10,75
1076,8,3.0,10,76
1077,26,,10,77
1078,14,3.0,10,78
1079,10,4.0,10,79
1080,8,2.0,10,80
1081,8,2.0,10,81
1082,8,3.0,10,82
1083,14,,10,83
1084,14,3.0,10,84
1085,8,3.0,10,85
1086,16,,10,86
1087,16,4.0,10,87
1088,8,3.0,10,88
1089,8,4.0,10,89
1090,14,3.0,10,90
1091,8,4.0,10,91
1092,18,9.0,10,92
1093,16,,10,93
1094,18,10.0,10,94
1095,18,,10,95
1096,8,,10,96
1097,19,,10,97
1098,10,3.0,10,98
1099,8,4.0,10,99
1100,34,6.0,11,0
1101,8,6.0,11,1
1102,12,8.0,11,2
1103,12,10.0,11,3
1104,20,12.0,11,4
1105,27,,11,5
1106,16,13.0,11,6
1107,16,8.0,11,7
1108,10,8.0,11,8
1109,14,6.0,11,9
1110,14,10.0,11,10
1111,12,4.0,11,11
1112,10,7.0,11,12
1113,10,3.0,11,13
1114,8,5.0,11,14
1115,8,4.0,11,15
1116,14,6.0,11,16
1117,14,12.0,11,17
1118,10,3.0,11,18
1119,8,3.0,11,19
1120,12,3.0,11,20
1121,23,,11,21
1122,10,7.0,11,22
1123,10,5.0,11,23
1124,14,7.0,11,24
1125,12,8.0,11,25
1126,16,6.0,11,26
1127,8,4.0,11,27
1128,8,5.0,11,28
1129,12,4.0,11,29
1130,12,5.0,11,30
1131,12,6.0,11,31
1132,8,6.0,11,32
1133,20,11.0,11,33
1134,16,12.0,11,34
1135,14,6.0,11,35
1136,8,2.0,11,36
1137,12,2.0,11,37
1138,8,3.0,11,38
1139,15,,11,39
1140,12,4.0,11,40
1141,12,5.0,11,41
1142,8,5.0,11,42
1143,16,4.0,11,43
1144,8,4.0,11,44
1145,14,4.0,11,45
1146,12,2.0,11,46
1147,8,2.0,11,47
1148,14,4.0,11,48
1149,8,4.0,11,49
1150,10,2.0,11,50
1151,16,5.0,11,51
1152,8,3.0,11,52
1153,10,1.0,11,53
1154,10,2.0,11,54
1155,8,3.0,11,55
1156,8,3.0,11,56
1157,10,2.0,11,57
1158,12,2.0,11,58
1159,12,3.0,11,59
1160,8,3.0,11,60
1161,10,4.0,11,61
1162,10,1.0,11,62
1163,10,2.0,11,63
1164,8,3.0,11,64
1165,8,2.0,11,65
1166,10,2.0,11,66
1167,8,1.0,11,67
1168,8,3.0,11,68
1169,10,1.0,11,69
1170,8,1.0,11,70
1171,10,1.0,11,71
1172,8,2.0,11,72
1173,8,2.0,11,73
1174,8,2.0,11,74
1175,10,2.0,11,75
1176,12,2.0,11,76
1177,8,2.0,11,77
1178,10,2.0,11,78
1179,10,2.0,11,79
1180,8,2.0,11,80
1181,10,2.0,11,81
1182,12,5.0,11,82
1183,8,2.0,11,83
1184,10,2.0,11,84
1185,18,,11,85
1186,10,3.0,11,86
1187,8,4.0,11,87
1188,8,2.0,11,88
1189,8,2.0,11,89
1190,10,2.0,11,90
1191,10,2.0,11,91
1192,8,2.0,11,92
1193,10,4.0,11,93
1194,10,2.0,11,94
1195,8,3.0,11,95
1196,10,2.0,11,96
1197,8,2.0,11,97
1198,8,2.0,11,98
1199,8,3.0,11,99
1200,8,6.0,12,0
1201,10,4.0,12,1
1202,8,3.0,12,2
1203,8,4.0,12,3
1204,14,9.0,12,4
1205,8,2.0,12,5
1206,8,2.0,12,6
1207,8,2.0,12,7
1208,12,5.0,12,8
1209,10,3.0,12,9
1210,10,2.0,12,10
1211,8,2.0,12,11
1212,10,4.0,12,12
1213,8,2.0,12,13
1214,10,4.0,12,14
1215,10,2.0,12,15
1216,8,2.0,12,16
1217,12,3.0,12,17
1218,12,4.0,12,18
1219,8,3.0,12,19
1220,8,2.0,12,20
1221,8,2.0,12,21
1222,12,4.0,12,22
1223,8,3.0,12,23
1224,12,7.0,12,24
1225,14,11.0,12,25
1226,14,8.0,12,26
1227,8,4.0,12,27
1228,8,4.0,12,28
1229,12,9.0,12,29
1230,10,2.0,12,30
1231,10,3.0,12,31
1232,10,2.0,12,32
1233,8,2.0,12,33
1234,10,2.0,12,34
1235,8,3.0,12,35
1236,8,3.0,12,36
1237,8,2.0,12,37
1238,8,3.0,12,38
1239,10,4.0,12,39
1240,14,7.0,12,40
1241,10,2.0,12,41
1242,8,3.0,12,42
1243,10,2.0,12,43
1244,10,2.0,12,44
1245,10,2.0,12,45
1246,10,2.0,12,46
1247,8,2.0,12,47
1248,8,3.0,12,48
1249,10,3.0,12,49
1250,8,2.0,12,50
1251,8,2.0,12,51
1252,10,5.0,12,52
1253,10,2.0,12,53
1254,8,2.0,12,54
1255,10,2.0,12,55
1256,8,2.0,12,56
1257,8,2.0,12,57
1258,10,2.0,12,58
1259,8,2.0,12,59
1260,10,1.0,12,60
1261,10,3.0,12,61
1262,8,2.0,12,62
1263,10,5.0,12,63
1264,12,5.0,12,64
1265,8,2.0,12,65
1266,16,,12,66
1267,12,7.0,12,67
1268,10,6.0,12,68
1269,8,2.0,12,69
1270,10,2.0,12,70
1271,8,2.0,12,71
1272,10,5.0,12,72
1273,10,2.0,12,73
1274,8,2.0,12,74
1275,10,2.0,12,75
1276,12,3.0,12,76
1277,8,2.0,12,77
1278,8,2.0,12,78
1279,12,4.0,12,79
1280,10,2.0,12,80
1281,10,4.0,12,81
1282,10,6.0,12,82
1283,8,2.0,12,83
1284,10,2.0,12,84
1285,10,2.0,12,85
1286,10,2.0,12,86
1287,8,2.0,12,87
1288,14,9.0,12,88
1289,10,6.0,12,89
1290,10,4.0,12,90
1291,12,6.0,12,91
1292,10,2.0,12,92
1293,10,5.0,12,93
1294,10,2.0,12,94
1295,29,,12,95
1296,12,6.0,12,96
1297,10,2.0,12,97
1298,10,2.0,12,98
1299,8,2.0,12,99
1300,12,10.0,13,0
1301,14,9.0,13,1
1302,8,,13,2
1303,18,10.0,13,3
1304,14,3.0,13,4
1305,53,,13,5
1306,36,23.0,13,6
1307,8,4.0,13,7
1308,19,14.0,13,8
1309,20,16.0,13,9
1310,15,7.0,13,10
1311,11,6.0,13,11
1312,30,,13,12
1313,25,8.0,13,13
1314,16,4.0,13,14
1315,14,10.0,13,15
1316,8,,13,16
1317,12,6.0,13,17
1318,18,5.0,13,18
1319,21,14.0,13,19
1320,16,14.0,13,20
1321,43,33.0,13,21
1322,22,7.0,13,22
1323,31,22.0,13,23
1324,25,17.0,13,24
1325,14,7.0,13,25
1326,18,10.0,13,26
1327,17,7.0,13,27
1328,12,8.0,13,28
1329,27,,13,29
1330,20,,13,30
1331,12,10.0,13,31
1332,25,18.0,13,32
1333,46,35.0,13,33
1334,30,25.0,13,34
1335,21,16.0,13,35
1336,54,,13,36
1337,12,,13,37
1338,30,25.0,13,38
1339,38,29.0,13,39
1340,18,14.0,13,40
1341,26,11.0,13,41
1342,18,5.0,13,42
1343,22,20.0,13,43
1344,8,4.0,13,44
1345,43,42.0,13,45
1346,22,20.0,13,46
1347,22,17.0,13,47
1348,16,8.0,13,48
1349,11,9.0,13,49
1350,10,5.0,13,50
1351,30,26.0,13,51
1352,29,27.0,13,52
1353,8,5.0,13,53
1354,18,14.0,13,54
1355,22,12.0,13,55
1356,18,,13,56
1357,24,22.0,13,57
1358,10,6.0,13,58
1359,20,12.0,13,59
1360,10,7.0,13,60
1361,8,5.0,13,61
1362,16,12.0,13,62
1363,22,21.0,13,63
1364,10,8.0,13,64
1365,32,31.0,13,65
1366,26,13.0,13,66
1367,8,,13,67
1368,10,8.0,13,68
1369,16,13.0,13,69
1370,16,14.0,13,70
1371,18,,13,71
1372,10,5.0,13,72
1373,8,5.0,13,73
1374,8,,13,74
1375,16,14.0,13,75
1376,12,11.0,13,76
1377,8,6.0,13,77
1378,8,7.0,13,78
1379,22,17.0,13,79
1380,10,7.0,13,80
1381,20,17.0,13,81
1382,25,23.0,13,82
1383,38,32.0,13,83
1384,14,12.0,13,84
1385,12,,13,85
1386,8,7.0,13,86
1387,25,24.0,13,87
1388,18,,13,88
1389,28,,13,89
1390,14,,13,90
1391,8,,13,91
1392,8,,13,92
1393,16,,13,93
1394,12,,13,94
1395,10,,13,95
1396,14,,13,96
1397,22,,13,97
1398,8,,13,98
1399,18,,13,99
1400,18,,14,0
1401,61,,14,1
1402,8,,14,2
1403,21,,14,3
1404,18,11.0,14,4
1405,22,7.0,14,5
1406,20,12.0,14,6
1407,26,8.0,14,7
1408,16,13.0,14,8
1409,16,12.0,14,9
1410,14,12.0,14,10
1411,20,17.0,14,11
1412,10,5.0,14,12
1413,12,5.0,14,13
1414,14,9.0,14,14
1415,20,6.0,14,15
1416,14,8.0,14,16
1417,8,4.0,14,17
1418,10,5.0,14,18
1419,10,5.0,14,19
1420,18,7.0,14,20
1421,8,4.0,14,21
1422,12,4.0,14,22
1423,16,4.0,14,23
1424,8,4.0,14,24
1425,8,4.0,14,25
1426,12,4.0,14,26
1427,20,4.0,14,27
1428,8,4.0,14,28
1429,12,4.0,14,29
1430,16,4.0,14,30
1431,12,4.0,14,31
1432,12,4.0,14,32
1433,12,4.0,14,33
1434,18,5.0,14,34
1435,12,4.0,14,35
1436,12,4.0,14,36
1437,12,4.0,14,37
1438,12,4.0,14,38
1439,12,4.0,14,39
1440,8,4.0,14,40
1441,8,4.0,14,41
1442,12,4.0,14,42
1443,12,4.0,14,43
1444,12,4.0,14,44
1445,16,4.0,14,45
1446,12,4.0,14,46
1447,12,4.0,14,47
1448,14,4.0,14,48
1449,8,4.0,14,49
1450,20,,14,50
1451,12,4.0,14,51
1452,12,4.0,14,52
1453,12,4.0,14,53
1454,12,4.0,14,54
1455,8,4.0,14,55
1456,16,4.0,14,56
1457,8,4.0,14,57
1458,8,4.0,14,58
1459,16,4.0,14,59
1460,16,4.0,14,60
1461,12,4.0,14,61
1462,12,4.0,14,62
1463,8,4.0,14,63
1464,16,4.0,14,64
1465,16,4.0,14,65
1466,12,4.0,14,66
1467,8,4.0,14,67
1468,16,4.0,14,68
1469,8,4.0,14,69
1470,12,4.0,14,70
1471,12,4.0,14,71
1472,12,4.0,14,72
1473,8,4.0,14,73
1474,22,,14,74
1475,16,4.0,14,75
1476,12,4.0,14,76
1477,12,4.0,14,77
1478,12,4.0,14,78
1479,12,4.0,14,79
1480,12,4.0,14,80
1481,12,4.0,14,81
1482,12,4.0,14,82
1483,12,4.0,14,83
1484,12,4.0,14,84
1485,8,4.0,14,85
1486,8,4.0,14,86
1487,12,4.0,14,87
1488,12,4.0,14,88
1489,16,4.0,14,89
1490,16,4.0,14,90
1491,8,4.0,14,91
1492,8,4.0,14,92
1493,16,4.0,14,93
1494,12,4.0,14,94
1495,12,4.0,14,95
1496,12,4.0,14,96
1497,8,4.0,14,97
1498,12,4.0,14,98
1499,12,4.0,14,99
1500,18,5.0,15,0
1501,8,7.0,15,1
1502,16,7.0,15,2
1503,8,,15,3
1504,8,2.0,15,4
1505,8,3.0,15,5
1506,10,2.0,15,6
1507,8,2.0,15,7
1508,8,2.0,15,8
1509,10,1.0,15,9
1510,9,6.0,15,10
1511,10,4.0,15,11
1512,10,3.0,15,12
1513,8,4.0,15,13
1514,14,2.0,15,14
1515,8,1.0,15,15
1516,8,1.0,15,16
1517,8,1.0,15,17
1518,8,2.0,15,18
1519,12,4.0,15,19
1520,12,3.0,15,20
1521,8,2.0,15,21
1522,10,2.0,15,22
1523,8,2.0,15,23
1524,8,2.0,15,24
1525,12,5.0,15,25
1526,12,2.0,15,26
1527,8,4.0,15,27
1528,8,1.0,15,28
1529,16,,15,29
1530,8,7.0,15,30
1531,10,1.0,15,31
1532,10,1.0,15,32
1533,10,2.0,15,33
1534,8,1.0,15,34
1535,8,2.0,15,35
1536,12,3.0,15,36
1537,10,2.0,15,37
1538,8,2.0,15,38
1539,8,3.0,15,39
1540,8,2.0,15,40
1541,10,2.0,15,41
1542,8,2.0,15,42
1543,12,2.0,15,43
1544,12,3.0,15,44
1545,12,,15,45
1546,10,1.0,15,46
1547,12,2.0,15,47
1548,14,2.0,15,48
1549,10,2.0,15,49
1550,8,2.0,15,50
1551,8,4.0,15,51
1552,12,3.0,15,52
1553,8,3.0,15,53
1554,12,4.0,15,54
1555,10,2.0,15,55
1556,16,,15,56
1557,10,3.0,15,57
1558,10,6.0,15,58
1559,10,2.0,15,59
1560,10,2.0,15,60
1561,10,3.0,15,61
1562,10,1.0,15,62
1563,8,1.0,15,63
1564,10,2.0,15,64
1565,10,1.0,15,65
1566,12,2.0,15,66
1567,10,2.0,15,67
1568,14,3.0,15,68
1569,10,2.0,15,69
1570,8,1.0,15,70
1571,10,2.0,15,71
1572,10,1.0,15,72
1573,8,2.0,15,73
1574,8,1.0,15,74
1575,10,2.0,15,75
1576,16,,15,76
1577,8,1.0,15,77
1578,8,1.0,15,78
1579,10,3.0,15,79
1580,12,2.0,15,80
1581,10,2.0,15,81
1582,10,1.0,15,82
1583,12,3.0,15,83
1584,10,1.0,15,84
1585,12,2.0,15,85
1586,8,2.0,15,86
1587,10,2.0,15,87
1588,8,1.0,15,88
1589,8,1.0,15,89
1590,10,1.0,15,90
1591,10,1.0,15,91
1592,10,1.0,15,92
1593,8,1.0,15,93
1594,8,1.0,15,94
1595,10,2.0,15,95
1596,8,4.0,15,96
1597,8,3.0,15,97
1598,8,1.0,15,98
1599,8,1.0,15,99
1600,558,25.0,16,0
1601,45,,16,1
1602,221,,16,2
1603,309,,16,3
1604,63,,16,4
1605,115,,16,5
1606,100,,16,6
1607,51,,16,7
1608,16,0.0,16,8
1609,54,,16,9
1610,152,,16,10
1611,8,,16,11
1612,21,,16,12
1613,59,,16,13
1614,105,,16,14
1615,32,,16,15
1616,183,,16,16
1617,8,0.0,16,17
1618,47,,16,18
1619,28,,16,19
1620,15,,16,20
1621,34,,16,21
1622,10,,16,22
1623,8,,16,23
1624,46,,16,24
1625,19,,16,25
1626,56,,16,26
1627,31,,16,27
1628,8,,16,28
1629,19,,16,29
1630,14,,16,30
1631,16,,16,31
1632,8,0.0,16,32
1633,10,,16,33
1634,24,,16,34
1635,8,,16,35
1636,100,0.0,16,36
1637,10,5.0,16,37
1638,12,,16,38
1639,38,,16,39
1640,49,,16,40
1641,8,0.0,16,41
1642,8,,16,42
1643,12,,16,43
1644,12,,16,44
1645,66,,16,45
1646,12,,16,46
1647,14,,16,47
1648,8,,16,48
1649,8,0.0,16,49
1650,30,,16,50
1651,36,,16,51
1652,31,,16,52
1653,14,,16,53
1654,59,,16,54
1655,8,0.0,16,55
1656,12,6.0,16,56
1657,8,,16,57
1658,10,,16,58
1659,40,,16,59
1660,24,,16,60
1661,39,,16,61
1662,14,7.0,16,62
1663,12,6.0,16,63
1664,10,5.0,16,64
1665,35,,16,65
1666,12,,16,66
1667,35,,16,67
1668,8,4.0,16,68
1669,19,,16,69
1670,45,,16,70
1671,14,3.0,16,71
1672,88,,16,72
1673,19,6.0,16,73
1674,28,,16,74
1675,33,,16,75
1676,17,11.0,16,76
1677,24,,16,77
1678,8,0.0,16,78
1679,10,1.0,16,79
1680,22,,16,80
1681,30,,16,81
1682,12,,16,82
1683,14,7.0,16,83
1684,14,7.0,16,84
1685,64,,16,85
1686,21,,16,86
1687,72,,16,87
1688,30,,16,88
1689,12,8.0,16,89
1690,8,1.0,16,90
1691,8,0.0,16,91
1692,12,5.0,16,92
1693,8,2.0,16,93
1694,8,0.0,16,94
1695,21,,16,95
1696,43,,16,96
1697,34,,16,97
1698,19,,16,98
1699,10,1.0,16,99
1700,52,13.0,17,0
1701,16,8.0,17,1
1702,16,6.0,17,2
1703,10,3.0,17,3
1704,12,7.0,17,4
1705,12,2.0,17,5
1706,8,4.0,17,6
1707,10,2.0,17,7
1708,8,2.0,17,8
1709,12,3.0,17,9
1710,12,3.0,17,10
1711,12,3.0,17,11
1712,8,1.0,17,12
1713,12,2.0,17,13
1714,10,3.0,17,14
1715,8,2.0,17,15
1716,10,2.0,17,16
1717,8,4.0,17,17
1718,10,1.0,17,18
1719,10,2.0,17,19
1720,10,1.0,17,20
1721,10,2.0,17,21
1722,12,2.0,17,22
1723,10,3.0,17,23
1724,8,2.0,17,24
1725,10,1.0,17,25
1726,8,2.0,17,26
1727,10,1.0,17,27
1728,8,2.0,17,28
1729,12,2.0,17,29
1730,10,1.0,17,30
1731,8,2.0,17,31
1732,10,2.0,17,32
1733,12,2.0,17,33
1734,8,2.0,17,34
1735,10,1.0,17,35
1736,8,1.0,17,36
1737,8,1.0,17,37
1738,8,2.0,17,38
1739,10,2.0,17,39
1740,8,2.0,17,40
1741,10,2.0,17,41
1742,8,2.0,17,42
1743,8,2.0,17,43
1744,8,2.0,17,44
1745,10,2.0,17,45
1746,12,2.0,17,46
1747,10,2.0,17,47
1748,12,2.0,17,48
1749,10,2.0,17,49
1750,12,2.0,17,50
1751,10,1.0,17,51
1752,12,2.0,17,52
1753,10,2.0,17,53
1754,10,1.0,17,54
1755,8,1.0,17,55
1756,10,1.0,17,56
1757,10,2.0,17,57
1758,10,2.0,17,58
1759,10,1.0,17,59
1760,8,2.0,17,60
1761,12,2.0,17,61
1762,10,2.0,17,62
1763,12,2.0,17,63
1764,10,2.0,17,64
1765,10,2.0,17,65
1766,12,2.0,17,66
1767,10,2.0,17,67
1768,10,2.0,17,68
1769,8,2.0,17,69
1770,10,1.0,17,70
1771,10,1.0,17,71
1772,10,1.0,17,72
1773,10,2.0,17,73
1774,10,1.0,17,74
1775,10,2.0,17,75
1776,8,1.0,17,76
1777,8,1.0,17,77
1778,10,1.0,17,78
1779,8,1.0,17,79
1780,10,2.0,17,80
1781,8,2.0,17,81
1782,10,2.0,17,82
1783,10,1.0,17,83
1784,8,1.0,17,84
1785,8,1.0,17,85
1786,10,1.0,17,86
1787,8,2.0,17,87
1788,10,2.0,17,88
1789,10,1.0,17,89
1790,10,1.0,17,90
1791,10,2.0,17,91
1792,8,2.0,17,92
1793,12,2.0,17,93
1794,10,2.0,17,94
1795,10,2.0,17,95
1796,10,1.0,17,96
1797,8,2.0,17,97
1798,8,1.0,17,98
1799,8,2.0,17,99
1800,58,19.0,18,0
1801,12,10.0,18,1
1802,10,8.0,18,2
1803,10,8.0,18,3
1804,10,7.0,18,4
1805,8,,18,5
1806,8,6.0,18,6
1807,8,7.0,18,7
1808,8,6.0,18,8
1809,18,16.0,18,9
1810,12,3.0,18,10
1811,8,6.0,18,11
1812,22,11.0,18,12
1813,16,15.0,18,13
1814,12,4.0,18,14
1815,10,7.0,18,15
1816,8,4.0,18,16
1817,8,7.0,18,17
1818,8,4.0,18,18
1819,8,4.0,18,19
1820,14,7.0,18,20
1821,8,4.0,18,21
1822,8,6.0,18,22
1823,8,5.0,18,23
1824,8,5.0,18,24
1825,24,14.0,18,25
1826,18,9.0,18,26
1827,8,6.0,18,27
1828,8,6.0,18,28
1829,8,6.0,18,29
1830,16,7.0,18,30
1831,14,6.0,18,31
1832,8,4.0,18,32
1833,8,4.0,18,33
1834,18,,18,34
1835,14,5.0,18,35
1836,14,8.0,18,36
1837,10,4.0,18,37
1838,16,8.0,18,38
1839,8,5.0,18,39
1840,14,12.0,18,40
1841,8,5.0,18,41
1842,16,4.0,18,42
1843,8,5.0,18,43
1844,16,5.0,18,44
1845,16,4.0,18,45
1846,16,4.0,18,46
1847,14,3.0,18,47
1848,12,2.0,18,48
1849,22,,18,49
1850,14,3.0,18,50
1851,8,5.0,18,51
1852,12,2.0,18,52
1853,14,,18,53
1854,16,,18,54
1855,10,6.0,18,55
1856,8,7.0,18,56
1857,8,6.0,18,57
1858,14,12.0,18,58
1859,16,,18,59
1860,8,4.0,18,60
1861,20,13.0,18,61
1862,8,,18,62
1863,8,7.0,18,63
1864,8,4.0,18,64
1865,20,11.0,18,65
1866,12,,18,66
1867,14,11.0,18,67
1868,12,7.0,18,68
1869,14,12.0,18,69
1870,12,8.0,18,70
1871,8,5.0,18,71
1872,45,43.0,18,72
1873,16,12.0,18,73
1874,18,16.0,18,74
1875,14,4.0,18,75
1876,14,9.0,18,76
1877,8,6.0,18,77
1878,16,11.0,18,78
1879,8,5.0,18,79
1880,8,6.0,18,80
1881,8,6.0,18,81
1882,8,6.0,18,82
1883,8,6.0,18,83
1884,20,16.0,18,84
1885,8,6.0,18,85
1886,16,,18,86
1887,18,16.0,18,87
1888,8,5.0,18,88
1889,10,7.0,18,89
1890,8,4.0,18,90
1891,14,12.0,18,91
1892,14,13.0,18,92
1893,12,11.0,18,93
1894,20,18.0,18,94
1895,18,14.0,18,95
1896,16,10.0,18,96
1897,22,20.0,18,97
1898,8,5.0,18,98
1899,18,13.0,18,99
1900,306,,19,0
1901,8,,19,1
1902,8,,19,2
1903,8,,19,3
1904,8,5.0,19,4
1905,8,3.0,19,5
1906,19,16.0,19,6
1907,16,13.0,19,7
1908,14,10.0,19,8
1909,16,10.0,19,9
1910,8,2.0,19,10
1911,8,3.0,19,11
1912,14,9.0,19,12
1913,8,4.0,19,13
1914,18,,19,14
1915,10,5.0,19,15
1916,16,15.0,19,16
1917,236,,19,17
1918,8,0.0,19,18
1919,8,2.0,19,19
1920,8,6.0,19,20
1921,8,5.0,19,21
1922,8,4.0,19,22
1923,8,3.0,19,23
1924,14,9.0,19,24
1925,12,7.0,19,25
1926,8,4.0,19,26
1927,12,7.0,19,27
1928,10,6.0,19,28
1929,127,108.0,19,29
1930,8,0.0,19,30
1931,18,16.0,19,31
1932,16,14.0,19,32
1933,21,15.0,19,33
1934,226,21.0,19,34
1935,20,8.0,19,35
1936,8,,19,36
1937,10,,19,37
1938,25,20.0,19,38
1939,29,22.0,19,39
1940,21,19.0,19,40
1941,16,13.0,19,41
1942,16,11.0,19,42
1943,39,37.0,19,43
1944,14,13.0,19,44
1945,8,0.0,19,45
1946,8,0.0,19,46
1947,14,7.0,19,47
1948,10,5.0,19,48
1949,8,5.0,19,49
1950,8,5.0,19,50
1951,8,7.0,19,51
1952,10,9.0,19,52
1953,8,7.0,19,53
1954,16,11.0,19,54
1955,10,5.0,19,55
1956,19,15.0,19,56
1957,8,4.0,19,57
1958,8,5.0,19,58
1959,8,4.0,19,59
1960,8,4.0,19,60
1961,10,7.0,19,61
1962,18,13.0,19,62
1963,30,22.0,19,63
1964,16,11.0,19,64
1965,10,8.0,19,65
1966,8,4.0,19,66
1967,8,5.0,19,67
1968,8,5.0,19,68
1969,32,27.0,19,69
1970,12,8.0,19,70
1971,14,8.0,19,71
1972,22,16.0,19,72
1973,8,4.0,19,73
1974,18,12.0,19,74
1975,16,9.0,19,75
1976,8,3.0,19,76
1977,8,4.0,19,77
1978,8,4.0,19,78
1979,10,6.0,19,79
1980,34,30.0,19,80
1981,18,15.0,19,81
1982,20,14.0,19,82
1983,20,19.0,19,83
1984,20,14.0,19,84
1985,23,18.0,19,85
1986,8,5.0,19,86
1987,18,15.0,19,87
1988,18,14.0,19,88
1989,16,13.0,19,89
1990,12,7.0,19,90
1991,10,3.0,19,91
1992,22,19.0,19,92
1993,10,7.0,19,93
1994,8,4.0,19,94
1995,20,16.0,19,95
1996,14,10.0,19,96
1997,8,4.0,19,97
1998,16,12.0,19,98
1999,8,5.0,19,99
